{"cameraMode":{"drawMode":0,"name":"Shaded","section":"Shading Mode"},"sceneLighting":true,"audioPlay":false,"sceneViewState":{"showFog":true,"showMaterialUpdate":false,"showSkybox":false,"showFlares":true,"showImageEffects":true,"showParticleSystems":true},"in2DMode":false,"pivot":{"x":0.029702186584472657,"y":1.2649998664855958,"z":2.4188079833984377},"rotation":{"x":0.0639159083366394,"y":-0.9330279231071472,"z":0.2079666405916214,"w":0.28677037358283999},"size":12.64669132232666,"orthographic":false}