{"cameraMode":{"drawMode":0,"name":"Shaded","section":"Shading Mode"},"sceneLighting":false,"audioPlay":false,"sceneViewState":{"showFog":true,"showMaterialUpdate":false,"showSkybox":false,"showFlares":true,"showImageEffects":true,"showParticleSystems":true},"in2DMode":false,"pivot":{"x":-10.100000381469727,"y":1.4300000667572022,"z":5.260000228881836},"rotation":{"x":-0.1212502047419548,"y":-0.8713117241859436,"z":0.3919363021850586,"w":-0.2695382535457611},"size":0.8660282492637634,"orthographic":false}